,Dataset number,Accuracy
0,1.0,0.7857142857142857
1,2.0,0.7579365079365079
2,3.0,0.7698412698412699
3,4.0,0.7817460317460317
4,5.0,0.7857142857142857
