,Dataset number,Accuracy
0,1.0,0.7738095238095238
1,2.0,0.7738095238095238
2,3.0,0.753968253968254
3,4.0,0.7976190476190477
4,5.0,0.7698412698412699
